thput,droprate,cal5,cal6
nan,nan,nan,nan
3.698623880294636,0.00042031771970327,3.837570114772099,2.6583157677416613
2.518034038456796,0.0017428843031122101,2.075063716131253,1.3752307759649651
