thput,droprate,cal5,cal6
1.3386062684592268,0.016681299385425813,1.1061960966220998,0.6132695774510384
1.3386062684592268,0.016681299385425813,1.1061960966220998,0.6132695774510384
1.3386062684592268,0.016681299385425813,1.1061960966220998,0.6132695774510384
1.3386062684592268,0.016681299385425813,1.1061960966220998,0.6132695774510384
