thput,droprate,cal5,cal6
15.380066331219075,0.0002680041349209388,8.659233409830364,6.122726496062766
15.380066331219075,0.0002680041349209388,8.659233409830364,6.122726496062766
15.380066331219075,0.0002680041349209388,8.659233409830364,6.122726496062766
15.380066331219075,0.0002680041349209388,8.659233409830364,6.122726496062766
