thput,droprate,cal5,cal6
1.4329023924267692,0.005050505050505051,2.0195216066687465,1.2043450131669269
1.4329023924267692,0.005050505050505051,2.0195216066687465,1.2043450131669269
1.4329023924267692,0.005050505050505051,2.0195216066687465,1.2043450131669269
1.4329023924267692,0.005050505050505051,2.0195216066687465,1.2043450131669269
