thput,droprate,cal5,cal6
1.4339997559074544,0.010673234811165846,1.3855218435748904,0.8198396097431147
1.4339997559074544,0.010673234811165846,1.3855218435748904,0.8198396097431147
1.4339997559074544,0.010673234811165846,1.3855218435748904,0.8198396097431147
1.4339997559074544,0.010673234811165846,1.3855218435748904,0.8198396097431147
