thput,droprate,cal5,cal6
1.153766185380514,0.011213047910295617,1.3519166305558534,0.7568337905819156
1.153766185380514,0.011213047910295617,1.3519166305558534,0.7568337905819156
1.153766185380514,0.011213047910295617,1.3519166305558534,0.7568337905819156
1.153766185380514,0.011213047910295617,1.3519166305558534,0.7568337905819156
