thput,droprate,cal5,cal6
2.0943600824882997,0.008988764044943821,1.4632611190060902,0.9257090408149635
2.0943600824882997,0.008988764044943821,1.4632611190060902,0.9257090408149635
2.0943600824882997,0.008988764044943821,1.4632611190060902,0.9257090408149635
2.0943600824882997,0.008988764044943821,1.4632611190060902,0.9257090408149635
