thput,droprate,cal5,cal6
1.443695374497922,0.00999000999000999,1.412555713203543,0.816180892898754
1.443695374497922,0.00999000999000999,1.412555713203543,0.816180892898754
1.443695374497922,0.00999000999000999,1.412555713203543,0.816180892898754
1.443695374497922,0.00999000999000999,1.412555713203543,0.816180892898754
