thput,droprate,cal5,cal6
2.88074832977354,0.008183306055646482,1.540931470062472,0.9824341312863867
2.88074832977354,0.008183306055646482,1.540931470062472,0.9824341312863867
2.88074832977354,0.008183306055646482,1.540931470062472,0.9824341312863867
2.88074832977354,0.008183306055646482,1.540931470062472,0.9824341312863867
