thput,droprate,cal5,cal6
1.4197340384729424,0.012048192771084338,1.3039958805405931,0.6356481053582528
1.4197340384729424,0.012048192771084338,1.3039958805405931,0.6356481053582528
1.4197340384729424,0.012048192771084338,1.3039958805405931,0.6356481053582528
1.4197340384729424,0.012048192771084338,1.3039958805405931,0.6356481053582528
