thput,droprate,cal5,cal6
1.845994160174833,0.015120967741935484,1.16268734735999,0.6345377249423647
1.845994160174833,0.015120967741935484,1.16268734735999,0.6345377249423647
1.845994160174833,0.015120967741935484,1.16268734735999,0.6345377249423647
1.845994160174833,0.015120967741935484,1.16268734735999,0.6345377249423647
