thput,droprate,cal5,cal6
1.4638406840745708,0.016218721037998145,1.122650147730567,0.5657173409446212
1.4638406840745708,0.016218721037998145,1.122650147730567,0.5657173409446212
1.4638406840745708,0.016218721037998145,1.122650147730567,0.5657173409446212
1.4638406840745708,0.016218721037998145,1.122650147730567,0.5657173409446212
