thput,droprate,cal5,cal6
1.4733363151130319,0.013089005235602094,1.2510764598385844,0.5935096713147199
1.4733363151130319,0.013089005235602094,1.2510764598385844,0.5935096713147199
1.4733363151130319,0.013089005235602094,1.2510764598385844,0.5935096713147199
1.4733363151130319,0.013089005235602094,1.2510764598385844,0.5935096713147199
