thput,droprate,cal5,cal6
1.4515133333212018,0.013803680981595092,1.2182592466260196,0.5674675912289998
1.4515133333212018,0.013803680981595092,1.2182592466260196,0.5674675912289998
1.4515133333212018,0.013803680981595092,1.2182592466260196,0.5674675912289998
1.4515133333212018,0.013803680981595092,1.2182592466260196,0.5674675912289998
