thput,droprate,cal5,cal6
1.5526412772280407,0.012601260126012601,1.27518809944458,0.7000148909907135
1.5526412772280407,0.012601260126012601,1.27518809944458,0.7000148909907135
1.5526412772280407,0.012601260126012601,1.27518809944458,0.7000148909907135
1.5526412772280407,0.012601260126012601,1.27518809944458,0.7000148909907135
