thput,droprate,cal5,cal6
1.286122726293271,0.015841584158415842,1.135555096264166,0.5287800710725233
1.286122726293271,0.015841584158415842,1.135555096264166,0.5287800710725233
1.286122726293271,0.015841584158415842,1.135555096264166,0.5287800710725233
1.286122726293271,0.015841584158415842,1.135555096264166,0.5287800710725233
